FMTNAME,START,LABEL,city,state
I94PRTL,.GA,No PORT Code (.GA),,
I94PRTL,060,No PORT Code (60),,
I94PRTL,48Y,"PINECREEK BORDER ARPT, MN",PINECREEK BORDER ARPT, MN
I94PRTL,5KE,"KETCHIKAN, AK",KETCHIKAN, AK
I94PRTL,5T6,No PORT Code (5T6),,
I94PRTL,74S,No PORT Code (74S),,
I94PRTL,888,UNIDENTIFED AIR / SEAPORT,,
I94PRTL,A2A,No PORT Code (A2A),,
I94PRTL,ABE,"ABERDEEN, WA",ABERDEEN, WA
I94PRTL,ABG,"ALBURG, VT",ALBURG, VT
I94PRTL,ABQ,"ALBUQUERQUE, NM",ALBUQUERQUE, NM
I94PRTL,ABS,"ALBURG SPRINGS, VT",ALBURG SPRINGS, VT
I94PRTL,ACY,"POMONA FIELD - ATLANTIC CITY, NJ",POMONA FIELD - ATLANTIC CITY, NJ
I94PRTL,ADS,"ADDISON AIRPORT- ADDISON, TX",ADDISON AIRPORT- ADDISON, TX
I94PRTL,ADT,"AMISTAD DAM, TX",AMISTAD DAM, TX
I94PRTL,ADU,No PORT Code (ADU),,
I94PRTL,ADW,"ANDREWS AFB, MD",ANDREWS AFB, MD
I94PRTL,AFW,"FORT WORTH ALLIANCE, TX",FORT WORTH ALLIANCE, TX
I94PRTL,AG,No PORT Code (AG),,
I94PRTL,AG0,"MAGNOLIA, AR",MAGNOLIA, AR
I94PRTL,AGA,"AGANA, GU",AGANA, GU
I94PRTL,AGM,"ALGOMA, WI",ALGOMA, WI
I94PRTL,AGN,"ALGONAC, MI",ALGONAC, MI
I94PRTL,AGS,"BUSH FIELD - AUGUSTA, GA",BUSH FIELD - AUGUSTA, GA
I94PRTL,AGU,"AGUADILLA, PR",AGUADILLA, PR
I94PRTL,AKR,"AKRON, OH",AKRON, OH
I94PRTL,AKT,No PORT Code (AKT),,
I94PRTL,ALA,"ALAMAGORDO, NM (BPS)",ALAMAGORDO, NM (BPS)
I94PRTL,ALB,"ALBANY, NY",ALBANY, NY
I94PRTL,ALC,"ALCAN, AK",ALCAN, AK
I94PRTL,ALP,"ALPENA, MI",ALPENA, MI
I94PRTL,AMB,"AMBROSE, ND",AMBROSE, ND
I94PRTL,AMS,"AMSTERDAM-SCHIPHOL, NETHERLANDS",AMSTERDAM-SCHIPHOL, NETHERLANDS
I94PRTL,AMT,No PORT Code (AMT),,
I94PRTL,ANA,"ANACORTES, WA",ANACORTES, WA
I94PRTL,ANC,"ANCHORAGE, AK",ANCHORAGE, AK
I94PRTL,AND,"ANDRADE, CA",ANDRADE, CA
I94PRTL,ANP,"ANTELOPE WELLS, NM",ANTELOPE WELLS, NM
I94PRTL,ANT,"ANTLER, ND",ANTLER, ND
I94PRTL,ANZ,"ANZALDUAS, TX",ANZALDUAS, TX
I94PRTL,APA,"ARAPAHOE COUNTY, CO",ARAPAHOE COUNTY, CO
I94PRTL,APF,"NAPLES, FL #ARPT",NAPLES, FL #ARPT
I94PRTL,ARB,"ARUBA, NETH ANTILLES",ARUBA, NETH ANTILLES
I94PRTL,ASE,"ASPEN, CO #ARPT",ASPEN, CO #ARPT
I94PRTL,ASI,No PORT Code (ASI),,
I94PRTL,AST,"ASTORIA, OR",ASTORIA, OR
I94PRTL,ATB,"ASHTABULA, OH",ASHTABULA, OH
I94PRTL,ATL,"ATLANTA, GA",ATLANTA, GA
I94PRTL,ATW,No PORT Code (ATW),,
I94PRTL,AUH,No PORT Code (AUH),,
I94PRTL,AUS,"AUSTIN, TX",AUSTIN, TX
I94PRTL,AXB,"ALEXANDRIA BAY, NY",ALEXANDRIA BAY, NY
I94PRTL,BAL,"BALTIMORE, MD",BALTIMORE, MD
I94PRTL,BAN,"BANKOK, THAILAND",BANKOK, THAILAND
I94PRTL,BAR,"BAKER AAF - BAKER ISLAND, AK",BAKER AAF - BAKER ISLAND, AK
I94PRTL,BAU,"BAUDETTE, MN",BAUDETTE, MN
I94PRTL,BAY,"BAYFIELD, WI",BAYFIELD, WI
I94PRTL,BBP,"BIG BEND PARK, TX (BPS)",BIG BEND PARK, TX (BPS)
I94PRTL,BCK,"BUCKPORT, ME",BUCKPORT, ME
I94PRTL,BCM,No PORT Code (BCM),,
I94PRTL,BCY,"BAY CITY, MI",BAY CITY, MI
I94PRTL,BDA,"KINDLEY FIELD, BERMUDA",KINDLEY FIELD, BERMUDA
I94PRTL,BDL,"BRADLEY INTERNATIONAL, CT",BRADLEY INTERNATIONAL, CT
I94PRTL,BEA,"BEAUMONT, TX",BEAUMONT, TX
I94PRTL,BEB,"BEEBE PLAIN, VT",BEEBE PLAIN, VT
I94PRTL,BED,"HANSCOM FIELD - BEDFORD, MA",HANSCOM FIELD - BEDFORD, MA
I94PRTL,BEE,"BEECHER FALLS, VT",BEECHER FALLS, VT
I94PRTL,BEI,"BEICA #ARPT, ETHIOPIA",BEICA #ARPT, ETHIOPIA
I94PRTL,BEL,"BELLINGHAM, WA",BELLINGHAM, WA
I94PRTL,BFL,"MEADOWS FIELD - BAKERSFIELD, CA",MEADOWS FIELD - BAKERSFIELD, CA
I94PRTL,BGC,"BRIDGEPORT, CT",BRIDGEPORT, CT
I94PRTL,BGM,"BANGOR, ME",BANGOR, ME
I94PRTL,BHM,"BAR HARBOR, ME",BAR HARBOR, ME
I94PRTL,BHX,"BIRMINGHAM, AL",BIRMINGHAM, AL
I94PRTL,BIL,"BILLINGS, MT",BILLINGS, MT
I94PRTL,BKF,No PORT Code (BKF),,
I94PRTL,BLA,"BLAINE, WA",BLAINE, WA
I94PRTL,BLF,"MERCER COUNTY, WV",MERCER COUNTY, WV
I94PRTL,BLI,"BELLINGHAM, WASHINGTON #INTL",BELLINGHAM, WASHINGTON #INTL
I94PRTL,BLT,"PACIFIC, HWY. STATION, CA",PACIFIC, HWY. STATION
I94PRTL,BOA,"BRIDGE OF AMERICAS, TX",BRIDGE OF AMERICAS, TX
I94PRTL,BOC,"BOCAGRANDE, FL",BOCAGRANDE, FL
I94PRTL,BOG,"BOGOTA, EL DORADO #ARPT, COLOMBIA",BOGOTA, EL DORADO #ARPT
I94PRTL,BOI,"AIR TERM. (GOWEN FLD) BOISE, ID",AIR TERM. (GOWEN FLD) BOISE, ID
I94PRTL,BOO,"BOOTHBAY HARBOR, ME",BOOTHBAY HARBOR, ME
I94PRTL,BOS,"BOSTON, MA",BOSTON, MA
I94PRTL,BQN,"BORINQUEN - AGUADILLO, PR",BORINQUEN - AGUADILLO, PR
I94PRTL,BRG,"BURLINGTON, VT",BURLINGTON, VT
I94PRTL,BRO,"BROWNSVILLE, TX",BROWNSVILLE, TX
I94PRTL,BRU,"BRUNSWICK, GA",BRUNSWICK, GA
I94PRTL,BTC,"BP TACTICAL UNIT, TX",BP TACTICAL UNIT, TX
I94PRTL,BTM,"BUTTE, MT",BUTTE, MT
I94PRTL,BTN,"BATON ROUGE, LA",BATON ROUGE, LA
I94PRTL,BUF,"BUFFALO, NY",BUFFALO, NY
I94PRTL,BUR,"BURBANK, CA",BURBANK, CA
I94PRTL,BUS,Collapsed (BUF) 06/15,,
I94PRTL,BWA,"BOUNDARY, WA",BOUNDARY, WA
I94PRTL,BWM,"BRIDGEWATER, ME",BRIDGEWATER, ME
I94PRTL,BYO,"BAYONNE, NJ",BAYONNE, NJ
I94PRTL,BZN,"GALLATIN FIELD - BOZEMAN, MT",GALLATIN FIELD - BOZEMAN, MT
I94PRTL,CAE,"COLUMBIA, SC #ARPT",COLUMBIA, SC #ARPT
I94PRTL,CAK,"AKRON, OH",AKRON, OH
I94PRTL,CAL,"CALEXICO, CA",CALEXICO, CA
I94PRTL,CAN,"CAPE CANAVERAL, FL",CAPE CANAVERAL, FL
I94PRTL,CAO,"CAMPO, CA",CAMPO, CA
I94PRTL,CAP,"CAPE VINCENT, NY",CAPE VINCENT, NY
I94PRTL,CAR,"CARIBOU MUNICIPAL AIRPORT, MN",CARIBOU MUNICIPAL AIRPORT, MN
I94PRTL,CDD,"CRANE LAKE - ST. LOUIS CNTY, NM",CRANE LAKE - ST. LOUIS CNTY, NM
I94PRTL,CHA,"CHARLOTTE AMALIE, VI",CHARLOTTE AMALIE, VI
I94PRTL,CHF,"CHIEF MT, MT",CHIEF MT, MT
I94PRTL,CHI,"CHICAGO, IL",CHICAGO, IL
I94PRTL,CHL,"CHARLESTON, SC",CHARLESTON, SC
I94PRTL,CHM,"CHAMPLAIN, NY",CHAMPLAIN, NY
I94PRTL,CHN,No PORT Code (CHN),,
I94PRTL,CHO,"ALBEMARLE CHARLOTTESVILLE, VA",ALBEMARLE CHARLOTTESVILLE, VA
I94PRTL,CHR,"CHRISTIANSTED, VI",CHRISTIANSTED, VI
I94PRTL,CHS,"CHARLESTON, WV",CHARLESTON, WV
I94PRTL,CHT,"CHATEAUGAY, NY",CHATEAUGAY, NY
I94PRTL,CID,"CEDAR RAPIDS/IOWA CITY, IA",CEDAR RAPIDS/IOWA CITY, IA
I94PRTL,CIN,"CINCINNATI, OH",CINCINNATI, OH
I94PRTL,CLA,"CLAYTON, NY",CLAYTON, NY
I94PRTL,CLE,"CLEVELAND, OH",CLEVELAND, OH
I94PRTL,CLG,"CALGARY, CANADA",CALGARY, CANADA
I94PRTL,CLK,"CLARKSBURG, WV",CLARKSBURG, WV
I94PRTL,CLM,"COLUMBUS, OH",COLUMBUS, OH
I94PRTL,CLS,"CALAIS, ME",CALAIS, ME
I94PRTL,CLT,"CHARLOTTE, NC",CHARLOTTE, NC
I94PRTL,CLX,No PORT Code (CLX),,
I94PRTL,CNA,"CANAAN, VT",CANAAN, VT
I94PRTL,CNC,"CANNON CORNERS, NY",CANNON CORNERS, NY
I94PRTL,CND,"KOGALNICEANU, ROMANIA",KOGALNICEANU, ROMANIA
I94PRTL,CNH,"CANNON CORNERS, NY",CANNON CORNERS, NY
I94PRTL,CNJ,"CAMDEN, NJ",CAMDEN, NJ
I94PRTL,COB,"COBURN GORE, ME",COBURN GORE, ME
I94PRTL,COL,"COLUMBUS, NM",COLUMBUS, NM
I94PRTL,COO,"COOS BAY, OR",COOS BAY, OR
I94PRTL,COS,"COLORADO SPRINGS, CO",COLORADO SPRINGS, CO
I94PRTL,CP,No PORT Code (CP),,
I94PRTL,CPX,No PORT Code (CPX),,
I94PRTL,CRA,"CRANE LAKE, MN",CRANE LAKE, MN
I94PRTL,CRB,"CARIBOU, ME",CARIBOU, ME
I94PRTL,CRL,"CARLSBAD, NM",CARLSBAD, NM
I94PRTL,CRP,"CORPUS CHRISTI, TX",CORPUS CHRISTI, TX
I94PRTL,CRQ,"CARAVELAS, BA #ARPT, BRAZIL",CARAVELAS, BA #ARPT
I94PRTL,CRU,"CRUZ BAY, ST JOHN, VI",CRUZ BAY, ST JOHN
I94PRTL,CRY,"CARBURY, ND",CARBURY, ND
I94PRTL,CSP,"CASPER, WY",CASPER, WY
I94PRTL,CTB,"CUT BANK MUNICIPAL, MT",CUT BANK MUNICIPAL, MT
I94PRTL,CUN,"CANCUN, MEXICO",CANCUN, MEXICO
I94PRTL,CUR,"CURLEW, WA (BPS)",CURLEW, WA (BPS)
I94PRTL,CUT,"CUT BANK, MT",CUT BANK, MT
I94PRTL,CXO,No PORT Code (CXO),,
I94PRTL,DAA,"DAVISON AAF - FAIRFAX CNTY, VA",DAVISON AAF - FAIRFAX CNTY, VA
I94PRTL,DAB,"DAYTONA BEACH INTERNATIONAL, FL",DAYTONA BEACH INTERNATIONAL, FL
I94PRTL,DAC,"DALTONS CACHE, AK",DALTONS CACHE, AK
I94PRTL,DAL,"DALLAS, TX",DALLAS, TX
I94PRTL,DAY,No PORT Code (DAY),,
I94PRTL,DEC,No PORT Code (DEC),,
I94PRTL,DEN,"DENVER, CO",DENVER, CO
I94PRTL,DER,"DERBY LINE, VT (I-91)",DERBY LINE, VT (I-91)
I94PRTL,DET,"DETROIT, MI",DETROIT, MI
I94PRTL,DLB,"DEL BONITA, MT",DEL BONITA, MT
I94PRTL,DLR,"DEL RIO, TX",DEL RIO, TX
I94PRTL,DLV,"DERBY LINE, VT (RT. 5)",DERBY LINE, VT (RT. 5)
I94PRTL,DNA,"DONNA, TX",DONNA, TX
I94PRTL,DNM,"DEMING, NM (BPS)",DEMING, NM (BPS)
I94PRTL,DNS,"DUNSEITH, ND",DUNSEITH, ND
I94PRTL,DOU,"DOUGLAS, AZ",DOUGLAS, AZ
I94PRTL,DOV,"DOVER AFB, DE",DOVER AFB, DE
I94PRTL,DPA,"DUPAGE COUNTY, IL",DUPAGE COUNTY, IL
I94PRTL,DRO,"LA PLATA - DURANGO, CO",LA PLATA - DURANGO, CO
I94PRTL,DRV,No PORT Code (DRV),,
I94PRTL,DSM,"DES MOINES, IA",DES MOINES, IA
I94PRTL,DTH,"DUTCH HARBOR, AK",DUTCH HARBOR, AK
I94PRTL,DUB,"DUBLIN, IRELAND",DUBLIN, IRELAND
I94PRTL,DUL,"DULUTH, MN",DULUTH, MN
I94PRTL,DUR,"LOUIS BOTHA, SOUTH AFRICA",LOUIS BOTHA, SOUTH AFRICA
I94PRTL,DVD,"DOVER-AFB, DE",DOVER-AFB, DE
I94PRTL,DVL,"DANVILLE, WA",DANVILLE, WA
I94PRTL,EDA,"EDMONTON, CANADA",EDMONTON, CANADA
I94PRTL,EGE,No PORT Code (EGE),,
I94PRTL,EGL,"EAGLE, AK",EAGLE, AK
I94PRTL,EGP,"EAGLE PASS, TX",EAGLE PASS, TX
I94PRTL,ELM,"REGIONAL ARPT - HORSEHEAD, NY",REGIONAL ARPT - HORSEHEAD, NY
I94PRTL,ELP,"EL PASO, TX",EL PASO, TX
I94PRTL,ELY,"ELY, MN",ELY, MN
I94PRTL,ENS,"ENSENADA, PR",ENSENADA, PR
I94PRTL,EPI,"EASTPORT, ID",EASTPORT, ID
I94PRTL,EPM,"EASTPORT, ME",EASTPORT, ME
I94PRTL,EPT,"EASTPORT MUNICIPAL, ME",EASTPORT MUNICIPAL, ME
I94PRTL,ERC,"EAST RICHFORD, VT",EAST RICHFORD, VT
I94PRTL,ERI,"ERIE, PA",ERIE, PA
I94PRTL,EST,"EASTCOURT, ME",EASTCOURT, ME
I94PRTL,EUR,"EUREKA, MT (BPS)",EUREKA, MT (BPS)
I94PRTL,EVE,"EVERETT, WA",EVERETT, WA
I94PRTL,EZE,"BUENOS AIRES, MINISTRO PIST, ARGENTINA",BUENOS AIRES, MINISTRO PIST
I94PRTL,FAB,"FABENS, TX",FABENS, TX
I94PRTL,FAJ,"FAJARDO, PR",FAJARDO, PR
I94PRTL,FAL,"FALCON HEIGHTS, TX",FALCON HEIGHTS, TX
I94PRTL,FAR,"FARGO, ND",FARGO, ND
I94PRTL,FAY,"FAYETTEVILLE, NC",FAYETTEVILLE, NC
I94PRTL,FBA,"FREEPORT, BAHAMAS",FREEPORT, BAHAMAS
I94PRTL,FCA,"GLACIER NATIONAL PARK, MT",GLACIER NATIONAL PARK, MT
I94PRTL,FER,"FERRY, WA",FERRY, WA
I94PRTL,FLX,"FALLON MUNICIPAL AIRPORT, NV",FALLON MUNICIPAL AIRPORT, NV
I94PRTL,FMY,"FORT MYERS, FL",FORT MYERS, FL
I94PRTL,FOK,"SUFFOLK COUNTY, NY",SUFFOLK COUNTY, NY
I94PRTL,FOP,"MORRIS FIELDS AAF, NC",MORRIS FIELDS AAF, NC
I94PRTL,FOR,"FOREST CITY, ME",FOREST CITY, ME
I94PRTL,FOU,"FOUGAMOU #ARPT, GABON",FOUGAMOU #ARPT, GABON
I94PRTL,FPF,"FORT PIERCE, FL",FORT PIERCE, FL
I94PRTL,FPR,"ST LUCIE COUNTY, FL",ST LUCIE COUNTY, FL
I94PRTL,FPT,"FREEPORT, TX",FREEPORT, TX
I94PRTL,FRB,"FAIRBANKS, AK",FAIRBANKS, AK
I94PRTL,FRE,"FRESNO, CA",FRESNO, CA
I94PRTL,FRG,Collapsed (FOK) 06/15,,
I94PRTL,FRI,"FRIDAY HARBOR, WA",FRIDAY HARBOR, WA
I94PRTL,FRK,"FREDERIKSTED, VI",FREDERIKSTED, VI
I94PRTL,FRN,"FERNANDINA, FL",FERNANDINA, FL
I94PRTL,FRT,"FORTUNA, ND",FORTUNA, ND
I94PRTL,FSC,No PORT Code (FSC),,
I94PRTL,FTB,No PORT Code (FTB),,
I94PRTL,FTC,"FORT COVINGTON, NY",FORT COVINGTON, NY
I94PRTL,FTF,"FORT FAIRFIELD, ME",FORT FAIRFIELD, ME
I94PRTL,FTH,"FORT HANCOCK, TX",FORT HANCOCK, TX
I94PRTL,FTK,"FORT KENT, ME",FORT KENT, ME
I94PRTL,FTL,"FORT LAUDERDALE, FL",FORT LAUDERDALE, FL
I94PRTL,FWA,"FRONTIER, WA",FRONTIER, WA
I94PRTL,GAC,No PORT Code (GAC),,
I94PRTL,GAL,"GALVESTON, TX",GALVESTON, TX
I94PRTL,GAR,"GARY, IN",GARY, IN
I94PRTL,GCM,"GRAND CAYMAN, CAYMAN ISLAND",GRAND CAYMAN, CAYMAN ISLAND
I94PRTL,GDL,"GUADALAJARA, MIGUEL HIDAL, MX",GUADALAJARA, MIGUEL HIDAL
I94PRTL,GEO,"GEORGETOWN, SC",GEORGETOWN, SC
I94PRTL,GGW,"GLASGOW, MT",GLASGOW, MT
I94PRTL,GLO,"GLOUCESTER, MA",GLOUCESTER, MA
I94PRTL,GMT,No PORT Code (GMT),,
I94PRTL,GNV,"J R ALISON MUNI - GAINESVILLE, FL",J R ALISON MUNI - GAINESVILLE, FL
I94PRTL,GPI,No PORT Code (GPI),,
I94PRTL,GPM,"GRAND PORTAGE, MN",GRAND PORTAGE, MN
I94PRTL,GPT,"BILOXI REGIONAL, MS",BILOXI REGIONAL, MS
I94PRTL,GRB,"GREEN BAY, WI",GREEN BAY, WI
I94PRTL,GRE,"GREAT FALLS, MT",GREAT FALLS, MT
I94PRTL,GRF,"GRAND FORKS, ND",GRAND FORKS, ND
I94PRTL,GRO,"GROSSE ISLE, MI",GROSSE ISLE, MI
I94PRTL,GRP,"GRAND RAPIDS, MI",GRAND RAPIDS, MI
I94PRTL,GRR,"GREER, SC",GREER, SC
I94PRTL,GRT,"GROTON, CT",GROTON, CT
I94PRTL,GRU,"GUARULHOS INTL, SAO PAULO, BRAZIL",GUARULHOS INTL, SAO PAULO
I94PRTL,GSO,"PIEDMONT TRIAD INTL AIRPORT, NC",PIEDMONT TRIAD INTL AIRPORT, NC
I94PRTL,GSP,"GREENVILLE, SC",GREENVILLE, SC
I94PRTL,GTF,"Collapsed into INT, MN",Collapsed into INT, MN
I94PRTL,GTR,"GOLDEN TRIANGLE LOWNDES CNTY, MS",GOLDEN TRIANGLE LOWNDES CNTY, MS
I94PRTL,GUL,"GULFPORT, MS",GULFPORT, MS
I94PRTL,HAL,"Halifax, NS, Canada",Halifax, NS
I94PRTL,HAM,"HAMILTON, BERMUDA",HAMILTON, BERMUDA
I94PRTL,HAR,"HARTFORD, CT",HARTFORD, CT
I94PRTL,HEF,"MANASSAS, VA #ARPT",MANASSAS, VA #ARPT
I94PRTL,HEL,"HELENA, MT",HELENA, MT
I94PRTL,HHW,"HONOLULU, HI",HONOLULU, HI
I94PRTL,HID,"HIDALGO, TX",HIDALGO, TX
I94PRTL,HIG,"HIGHGATE SPRINGS, VT",HIGHGATE SPRINGS, VT
I94PRTL,HIL,"SHILLAVO, ETHIOPIA",SHILLAVO, ETHIOPIA
I94PRTL,HIO,"HILLSBORO, OR",HILLSBORO, OR
I94PRTL,HLG,"HARLINGEN, TX",HARLINGEN, TX
I94PRTL,HML,"HAMIIN, ME",HAMIIN, ME
I94PRTL,HMM,"HAMMOND, IN",HAMMOND, IN
I94PRTL,HMO,"GEN PESQUEIRA GARCIA, MX",GEN PESQUEIRA GARCIA, MX
I94PRTL,HNN,"HANNAH, ND",HANNAH, ND
I94PRTL,HNS,"HANSBORO, ND",HANSBORO, ND
I94PRTL,HOB,"HOBOKEN, NJ",HOBOKEN, NJ
I94PRTL,HOM,"HOMER, AK",HOMER, AK
I94PRTL,HON,"HOWES REGIONAL ARPT - HURON, SD",HOWES REGIONAL ARPT - HURON, SD
I94PRTL,HOP,"HOPEWELL, VA",HOPEWELL, VA
I94PRTL,HOU,"HOUSTON, TX",HOUSTON, TX
I94PRTL,HPN,"WESTCHESTER - WHITE PLAINS, NY",WESTCHESTER - WHITE PLAINS, NY
I94PRTL,HRL,Collapsed (HLG) 06/15,,
I94PRTL,HSB,"HARRISONBURG, PA",HARRISONBURG, PA
I94PRTL,HSV,"MADISON COUNTY - HUNTSVILLE, AL",MADISON COUNTY - HUNTSVILLE, AL
I94PRTL,HTM,"HOULTON, ME",HOULTON, ME
I94PRTL,HUM,"HUMACAO, PR",HUMACAO, PR
I94PRTL,HUR,"HURLBURT FIELD, FL",HURLBURT FIELD, FL
I94PRTL,HVR,"HAVRE, MT",HAVRE, MT
I94PRTL,HYD,"HYDER, AK",HYDER, AK
I94PRTL,IAG,Collapsed (NIA) 06/15,,
I94PRTL,ICN,"INCHON, SEOUL KOREA",INCHON, SEOUL KOREA
I94PRTL,ICP,"IMPERIAL COUNTY, CA",IMPERIAL COUNTY, CA
I94PRTL,ICT,"MID-CONTINENT - WITCHITA, KS",MID-CONTINENT - WITCHITA, KS
I94PRTL,IDA,"FANNING FIELD - IDAHO FALLS, ID",FANNING FIELD - IDAHO FALLS, ID
I94PRTL,IND,"LOS INDIOS, TX",LOS INDIOS, TX
I94PRTL,INL,"Collapsed into INT, MN",Collapsed into INT, MN
I94PRTL,INP,"INDIANAPOLIS, IN",INDIANAPOLIS, IN
I94PRTL,INT,"INT'L FALLS, MN",INT'L FALLS, MN
I94PRTL,ISB,"PORT ISABEL, TX",PORT ISABEL, TX
I94PRTL,ISL,"ISLE ROYALE, MI",ISLE ROYALE, MI
I94PRTL,ISP,Collapsed (FOK) 06/15,,
I94PRTL,IWA,"INVALID - IWAKUNI, JAPAN",INVALID - IWAKUNI, JAPAN
I94PRTL,JAC,"JACKSONVILLE, FL",JACKSONVILLE, FL
I94PRTL,JAN,"THOMPSON FIELD - JACKSON, MS",THOMPSON FIELD - JACKSON, MS
I94PRTL,JBQ,No PORT Code (JBQ),,
I94PRTL,JCP,"CULEBRA - BENJAMIN RIVERA, PR",CULEBRA - BENJAMIN RIVERA, PR
I94PRTL,JER,"JERSEY CITY, NJ",JERSEY CITY, NJ
I94PRTL,JFA,No PORT Code (JFA),,
I94PRTL,JIG,No PORT Code (JIG),,
I94PRTL,JKM,"JACKMAN, ME",JACKMAN, ME
I94PRTL,JMZ,No PORT Code (JMZ),,
I94PRTL,JOB,"JOBOS, PR",JOBOS, PR
I94PRTL,JSJ,Collapsed (SAJ) 06/15,,
I94PRTL,JUN,"JUNEAU, AK",JUNEAU, AK
I94PRTL,KAL,"KALISPEL, MT",KALISPEL, MT
I94PRTL,KAN,"KANSAS CITY, MO",KANSAS CITY, MO
I94PRTL,KET,"KETCHIKAN, AK",KETCHIKAN, AK
I94PRTL,KEY,"KEY WEST, FL",KEY WEST, FL
I94PRTL,KLM,"KALAMA, WA",KALAMA, WA
I94PRTL,KOA,"KEAHOLE-KONA, HI",KEAHOLE-KONA, HI
I94PRTL,LAG,"LA GUARDIA, NY",LA GUARDIA, NY
I94PRTL,LAH,"LABUHA ARPT, INDONESIA",LABUHA ARPT, INDONESIA
I94PRTL,LAK,"LAKE CHARLES, LA (BPS)",LAKE CHARLES, LA (BPS)
I94PRTL,LAN,"LANCASTER, MN",LANCASTER, MN
I94PRTL,LAR,"LAREDO, TX",LAREDO, TX
I94PRTL,LAS,"LAS CRUCES, NM",LAS CRUCES, NM
I94PRTL,LAU,"LAURIER, WA",LAURIER, WA
I94PRTL,LCB,"LAREDO COLUMBIA BRIDGE, TX",LAREDO COLUMBIA BRIDGE, TX
I94PRTL,LEB,"LEBANON, NH",LEBANON, NH
I94PRTL,LEE,"LEESBURG MUNICIPAL AIRPORT, FL",LEESBURG MUNICIPAL AIRPORT, FL
I94PRTL,LEW,"LEWISTON, NY",LEWISTON, NY
I94PRTL,LEX,"BLUE GRASS - LEXINGTON, KY",BLUE GRASS - LEXINGTON, KY
I94PRTL,LGU,"CACHE AIRPORT - LOGAN, UT",CACHE AIRPORT - LOGAN, UT
I94PRTL,LGW,"WEST SUSSEX, ENGLAND",WEST SUSSEX, ENGLAND
I94PRTL,LHR,"MIDDLESEX, ENGLAND",MIDDLESEX, ENGLAND
I94PRTL,LIA,"LITTLE ROCK, AR (BPS)",LITTLE ROCK, AR (BPS)
I94PRTL,LIH,"LIHUE, HI",LIHUE, HI
I94PRTL,LIM,"LIMESTONE, ME",LIMESTONE, ME
I94PRTL,LIN,"NORTHERN SVC CENTER, MN",NORTHERN SVC CENTER, MN
I94PRTL,LIT,No PORT Code (LIT),,
I94PRTL,LKC,"LAKE CHARLES, LA",LAKE CHARLES, LA
I94PRTL,LLB,"JUAREZ-LINCOLN BRIDGE, TX",JUAREZ-LINCOLN BRIDGE, TX
I94PRTL,LNB,"LONG BEACH, CA",LONG BEACH, CA
I94PRTL,LND,"LANDER, WY",LANDER, WY
I94PRTL,LOB,"LORDSBURG, NM (BPS)",LORDSBURG, NM (BPS)
I94PRTL,LOI,"LOS INDIOS, TX",LOS INDIOS, TX
I94PRTL,LON,"LONGVIEW, WA",LONGVIEW, WA
I94PRTL,LOR,"LORAIN, OH",LORAIN, OH
I94PRTL,LOS,"LOS ANGELES, CA",LOS ANGELES, CA
I94PRTL,LOU,"LOUISVILLE, KY",LOUISVILLE, KY
I94PRTL,LRN,"LAREDO NORTH, TX",LAREDO NORTH, TX
I94PRTL,LSE,"LOS EBANOS, TX",LOS EBANOS, TX
I94PRTL,LUB,"LUBEC, ME",LUBEC, ME
I94PRTL,LUK,"LUKEVILLE, AZ",LUKEVILLE, AZ
I94PRTL,LVG,"LAS VEGAS, NV",LAS VEGAS, NV
I94PRTL,LWT,"LEWISTON, MT",LEWISTON, MT
I94PRTL,LYN,"LYNDEN, WA",LYNDEN, WA
I94PRTL,MAA,Abu Dhabi,,
I94PRTL,MAD,"MADAWASKA, ME",MADAWASKA, ME
I94PRTL,MAF,"ODESSA REGIONAL, TX",ODESSA REGIONAL, TX
I94PRTL,MAG,"MCGUIRE AFB, NY",MCGUIRE AFB, NY
I94PRTL,MAI,"MAIDA, ND",MAIDA, ND
I94PRTL,MAL,"MANGOLE ARPT, INDONESIA",MANGOLE ARPT, INDONESIA
I94PRTL,MAP,MARIPOSA AZ,,
I94PRTL,MAR,"MARFA, TX",MARFA, TX
I94PRTL,MAS,"MASSENA, NY",MASSENA, NY
I94PRTL,MAY,"MAYAGUEZ, PR",MAYAGUEZ, PR
I94PRTL,MBO,"MARBLE HEADS, OH",MARBLE HEADS, OH
I94PRTL,MCA,"MCALLEN, TX",MCALLEN, TX
I94PRTL,MDE,"MEDELLIN, COLOMBIA",MEDELLIN, COLOMBIA
I94PRTL,MDT,"HARRISBURG, PA",HARRISBURG, PA
I94PRTL,MED,"MEDFORD, OR",MEDFORD, OR
I94PRTL,MEM,"MEMPHIS, TN",MEMPHIS, TN
I94PRTL,MET,"METALINE FALLS, WA",METALINE FALLS, WA
I94PRTL,MEX,"JUAREZ INTL, MEXICO CITY, MX",JUAREZ INTL, MEXICO CITY
I94PRTL,MGC,"MORGAN CITY, LA",MORGAN CITY, LA
I94PRTL,MGM,"MORGAN, MT",MORGAN, MT
I94PRTL,MHT,"MANCHESTER, NH",MANCHESTER, NH
I94PRTL,MIA,"MIAMI, FL",MIAMI, FL
I94PRTL,MIC,"CRYSTAL MUNICIPAL AIRPORT, MN",CRYSTAL MUNICIPAL AIRPORT, MN
I94PRTL,MIL,"MILWAUKEE, WI",MILWAUKEE, WI
I94PRTL,MKG,"MUSKEGON, MD",MUSKEGON, MD
I94PRTL,MLB,"MELBOURNE, FL",MELBOURNE, FL
I94PRTL,MLI,"MOLINE, IL",MOLINE, IL
I94PRTL,MLU,"MONROE, LA",MONROE, LA
I94PRTL,MMU,"MORRISTOWN, NJ",MORRISTOWN, NJ
I94PRTL,MND,"MINOT, ND",MINOT, ND
I94PRTL,MNW,"MANITOWOC, WI",MANITOWOC, WI
I94PRTL,MOB,"MOBILE, AL",MOBILE, AL
I94PRTL,MON,"MONTREAL, CANADA",MONTREAL, CANADA
I94PRTL,MOO,"MOORES, NY",MOORES, NY
I94PRTL,MOR,"MORSES LINE, VT",MORSES LINE, VT
I94PRTL,MOS,"MOSES POINT INTERMEDIATE, AK",MOSES POINT INTERMEDIATE, AK
I94PRTL,MRC,"MARINE CITY, MI",MARINE CITY, MI
I94PRTL,MRH,"MOREHEAD CITY, NC",MOREHEAD CITY, NC
I94PRTL,MRL,"MERRILLVILLE, IN",MERRILLVILLE, IN
I94PRTL,MRR,"MORRISTOWN, NY",MORRISTOWN, NY
I94PRTL,MRS,"MARFA, TX (BPS)",MARFA, TX (BPS)
I94PRTL,MRY,"MARYSVILLE, MI",MARYSVILLE, MI
I94PRTL,MSN,"TRUAX FIELD - DANE COUNTY, WI",TRUAX FIELD - DANE COUNTY, WI
I94PRTL,MSP,"MINN./ST PAUL, MN",MINN./ST PAUL, MN
I94PRTL,MTH,No PORT Code (MTH),,
I94PRTL,MTY,"GEN M. ESCOBEDO, Monterrey, MX",GEN M. ESCOBEDO, Monterrey
I94PRTL,MVD,"CARRASCO, URUGUAY",CARRASCO, URUGUAY
I94PRTL,MWH,"MOSES LAKE GRANT COUNTY ARPT, WA",MOSES LAKE GRANT COUNTY ARPT, WA
I94PRTL,MYR,"MYRTLE BEACH, SC",MYRTLE BEACH, SC
I94PRTL,NAC,"NACO, AZ",NACO, AZ
I94PRTL,NAS,"NASSAU, BAHAMAS",NASSAU, BAHAMAS
I94PRTL,NBO,"NAIROBI, KENYA",NAIROBI, KENYA
I94PRTL,NC8,No PORT Code (NC8),,
I94PRTL,NCA,"NORTH CAICOS, TURK & CAIMAN",NORTH CAICOS, TURK & CAIMAN
I94PRTL,NEA,"NEAH BAY, WA",NEAH BAY, WA
I94PRTL,NEC,"NECHE, ND",NECHE, ND
I94PRTL,NEW,"NEWARK/TETERBORO, NJ",NEWARK/TETERBORO, NJ
I94PRTL,NGL,No PORT Code (NGL),,
I94PRTL,NIA,"NIAGARA FALLS, NY",NIAGARA FALLS, NY
I94PRTL,NIG,"NIGHTHAWK, WA",NIGHTHAWK, WA
I94PRTL,NIK,"NIKISKI, AK",NIKISKI, AK
I94PRTL,NK,No PORT Code (NK),,
I94PRTL,NOG,"NOGALES, AZ",NOGALES, AZ
I94PRTL,NOL,"NEW ORLEANS, LA",NEW ORLEANS, LA
I94PRTL,NOM,"NOM, AK",NOM, AK
I94PRTL,NOO,"NOONAN, ND",NOONAN, ND
I94PRTL,NOR,"NORFOLK, VA",NORFOLK, VA
I94PRTL,NOY,"NOYES, MN",NOYES, MN
I94PRTL,NPT,"NEWPORT, OR",NEWPORT, OR
I94PRTL,NPV,"NEWPORT, VT",NEWPORT, VT
I94PRTL,NRG,"NORTHGATE, ND",NORTHGATE, ND
I94PRTL,NRN,"NORTON, VT",NORTON, VT
I94PRTL,NRT,"NORTH TROY, VT",NORTH TROY, VT
I94PRTL,NSV,"NASHVILLE, TN",NASHVILLE, TN
I94PRTL,NWH,"NEW HAVEN, CT",NEW HAVEN, CT
I94PRTL,NWL,"NEW LONDON, CT",NEW LONDON, CT
I94PRTL,NWN,"NEWPORT, VA",NEWPORT, VA
I94PRTL,NYC,"NEW YORK, NY",NEW YORK, NY
I94PRTL,NYL,No PORT Code (NYL),,
I94PRTL,OAI,No PORT Code (OAI),,
I94PRTL,OAK,"OAKLAND, CA",OAKLAND, CA
I94PRTL,OGD,"OGDENSBURG, NY",OGDENSBURG, NY
I94PRTL,OGG,"KAHULUI - MAUI, HI",KAHULUI - MAUI, HI
I94PRTL,OGS,No PORT Code (OGS),,
I94PRTL,OKC,"OKLAHOMA CITY, OK",OKLAHOMA CITY, OK
I94PRTL,OLM,No PORT Code (OLM),,
I94PRTL,OLY,"OLYMPIA, WA",OLYMPIA, WA
I94PRTL,OMA,"OMAHA, NE",OMAHA, NE
I94PRTL,ONT,"ONTARIO, CA",ONTARIO, CA
I94PRTL,OPF,"OPA LOCKA, FL",OPA LOCKA, FL
I94PRTL,OPH,"OPHEIM, MT",OPHEIM, MT
I94PRTL,ORI,"PORT LIONS SPB, AK",PORT LIONS SPB, AK
I94PRTL,ORL,"ORLANDO, FL",ORLANDO, FL
I94PRTL,ORO,"OROVILLE, WA",OROVILLE, WA
I94PRTL,OSN,No PORT Code (OSN),,
I94PRTL,OSW,"OSWEGO, NY",OSWEGO, NY
I94PRTL,OTM,"OTAY MESA, CA",OTAY MESA, CA
I94PRTL,OTS,No PORT Code (OTS),,
I94PRTL,OTT,"OTTAWA, CANADA",OTTAWA, CANADA
I94PRTL,PAN,"PANAMA CITY, FL",PANAMA CITY, FL
I94PRTL,PAR,"PORT ARTHUR, TX",PORT ARTHUR, TX
I94PRTL,PAS,"PASCAGOULA, MS",PASCAGOULA, MS
I94PRTL,PAX,"PATUXENT RIVER, MD",PATUXENT RIVER, MD
I94PRTL,PBB,"PEACE BRIDGE, NY",PEACE BRIDGE, NY
I94PRTL,PCF,"PORT CANAVERAL, FL",PORT CANAVERAL, FL
I94PRTL,PCW,No PORT Code (PCW),,
I94PRTL,PDN,"PASO DEL NORTE,TX",PASO DEL NORTE,TX
I94PRTL,PEK,"BEIJING CAPITAL INTL, PRC",BEIJING CAPITAL INTL, PRC
I94PRTL,PEM,"PEMBINA, ND",PEMBINA, ND
I94PRTL,PEN,"PENSACOLA, FL",PENSACOLA, FL
I94PRTL,PER,"PERTH AMBOY, NJ",PERTH AMBOY, NJ
I94PRTL,PEV,"PORT EVERGLADES, FL",PORT EVERGLADES, FL
I94PRTL,PFN,No PORT Code (PFN),,
I94PRTL,PGR,"PROGRESO, TX",PROGRESO, TX
I94PRTL,PHF,No PORT Code (PHF),,
I94PRTL,PHI,"PHILADELPHIA, PA",PHILADELPHIA, PA
I94PRTL,PHN,Collapsed (PHU) 06/15,,
I94PRTL,PHO,"PHOENIX, AZ",PHOENIX, AZ
I94PRTL,PHR,"PHARR, TX",PHARR, TX
I94PRTL,PHU,"PORT HURON, MI",PORT HURON, MI
I94PRTL,PIA,"GREATER PEORIA, IL",GREATER PEORIA, IL
I94PRTL,PIE,"PIEGAN, MT",PIEGAN, MT
I94PRTL,PIN,"PINE CREEK, MN",PINE CREEK, MN
I94PRTL,PIR,"POINT ROBERTS, WA",POINT ROBERTS, WA
I94PRTL,PIT,"PITTSBURG, PA",PITTSBURG, PA
I94PRTL,PIV,"PINNACLE ROAD, VT",PINNACLE ROAD, VT
I94PRTL,PIZ,"DEW STATION PT LAY DEW, AK",DEW STATION PT LAY DEW, AK
I94PRTL,PKC,"POKER CREEK, AK",POKER CREEK, AK
I94PRTL,PLB,No PORT Code (PLB),,
I94PRTL,PNG,"PORT ANGELES, WA",PORT ANGELES, WA
I94PRTL,PNH,"PITTSBURG, NH",PITTSBURG, NH
I94PRTL,POE,"PORT OF EL PASO, TX",PORT OF EL PASO, TX
I94PRTL,POM,"PORTLAND, ME",PORTLAND, ME
I94PRTL,PON,"PONCE, PR",PONCE, PR
I94PRTL,POO,"PORTLAND, OR",PORTLAND, OR
I94PRTL,POR,"PORTAL, AZ",PORTAL, AZ
I94PRTL,PRE,"PRESIDIO, TX",PRESIDIO, TX
I94PRTL,PRO,"PROVIDENCE, RI",PROVIDENCE, RI
I94PRTL,PSC,"TRI-CITIES - PASCO, WA",TRI-CITIES - PASCO, WA
I94PRTL,PSE,"PONCE-MERCEDITA, PR",PONCE-MERCEDITA, PR
I94PRTL,PSJ,"PORT ST JOE, FL",PORT ST JOE, FL
I94PRTL,PSM,"PORTSMOUTH, NH",PORTSMOUTH, NH
I94PRTL,PSP,"PALM SPRINGS, CA",PALM SPRINGS, CA
I94PRTL,PTK,"OAKLAND COUNTY - PONTIAC, MI",OAKLAND COUNTY - PONTIAC, MI
I94PRTL,PTL,"PORTHILL, ID",PORTHILL, ID
I94PRTL,PTO,"PORT TOWNSEND, WA",PORT TOWNSEND, WA
I94PRTL,PTY,"OMAR TORRIJOS, PANAMA",OMAR TORRIJOS, PANAMA
I94PRTL,PUT,"PUT-IN-BAY, OH",PUT-IN-BAY, OH
I94PRTL,PVD,"THEODORE FRANCIS - WARWICK, RI",THEODORE FRANCIS - WARWICK, RI
I94PRTL,PWB,"PASCO, WA",PASCO, WA
I94PRTL,RAN,"RAINER, MN",RAINER, MN
I94PRTL,RAY,"RAYMOND, MT",RAYMOND, MT
I94PRTL,RBT,"ROBERTS LANDING, MI",ROBERTS LANDING, MI
I94PRTL,RCM,"RICHMOND, VA",RICHMOND, VA
I94PRTL,RDM,"ROBERTS FIELDS - REDMOND, OR",ROBERTS FIELDS - REDMOND, OR
I94PRTL,RDU,"RALEIGH/DURHAM, NC",RALEIGH/DURHAM, NC
I94PRTL,REN,"RENO, NV",RENO, NV
I94PRTL,RFD,"GREATER ROCKFORD, IL",GREATER ROCKFORD, IL
I94PRTL,RGM,"RANGELEY, ME (BPS)",RANGELEY, ME (BPS)
I94PRTL,RIF,"RICHFORT, VT",RICHFORT, VT
I94PRTL,RIO,"RIO GRANDE CITY, TX",RIO GRANDE CITY, TX
I94PRTL,RIT,"ROME, ITALY",ROME, ITALY
I94PRTL,RIV,"RIVERSIDE, CA",RIVERSIDE, CA
I94PRTL,RME,"ROME, NY",ROME, NY
I94PRTL,RNO,"CANNON INTL - RENO/TAHOE, NV",CANNON INTL - RENO/TAHOE, NV
I94PRTL,ROC,"ROCHESTER, NY",ROCHESTER, NY
I94PRTL,ROG,"ROGERS ARPT, AR",ROGERS ARPT, AR
I94PRTL,ROM,"ROMA, TX",ROMA, TX
I94PRTL,ROO,"ROOSVILLE, MT",ROOSVILLE, MT
I94PRTL,ROS,"ROSEAU, MN",ROSEAU, MN
I94PRTL,ROU,"ROUSES POINT, NY",ROUSES POINT, NY
I94PRTL,RST,"ROCHESTER, MN",ROCHESTER, MN
I94PRTL,RUI,"RUIDOSO, NM",RUIDOSO, NM
I94PRTL,RYY,No PORT Code (RYY),,
I94PRTL,SAA,"SANTA ANA, CA",SANTA ANA, CA
I94PRTL,SAC,"SACRAMENTO, CA",SACRAMENTO, CA
I94PRTL,SAG,"SAGINAW, MI",SAGINAW, MI
I94PRTL,SAI,"SAIPAN, SPN",SAIPAN, SPN
I94PRTL,SAJ,"SAN JUAN, PR",SAN JUAN, PR
I94PRTL,SAN,"SAN SALVADOR, EL SALVADOR",SAN SALVADOR, EL SALVADOR
I94PRTL,SAR,"SARLES, ND",SARLES, ND
I94PRTL,SAS,"SASABE, AZ",SASABE, AZ
I94PRTL,SAU,"ST AUGUSTINE, FL",ST AUGUSTINE, FL
I94PRTL,SAV,"SAVANNAH, GA",SAVANNAH, GA
I94PRTL,SBN,"SOUTH BEND, IN",SOUTH BEND, IN
I94PRTL,SBR,"SOUTH BREWER, ME",SOUTH BREWER, ME
I94PRTL,SCC,"BP SPEC COORD. CTR, TX",BP SPEC COORD. CTR, TX
I94PRTL,SCH,No PORT Code (SCH),,
I94PRTL,SCL,"ST CLAIR, MI",ST CLAIR, MI
I94PRTL,SCO,"SCOBEY, MT",SCOBEY, MT
I94PRTL,SDP,"SAN DIEGO, CA",SAN DIEGO, CA
I94PRTL,SDY,"SANDUSKY, OH",SANDUSKY, OH
I94PRTL,SEA,"SEATTLE, WA",SEATTLE, WA
I94PRTL,SFB,"SANFORD, FL",SANFORD, FL
I94PRTL,SFR,"SAN FRANCISCO, CA",SAN FRANCISCO, CA
I94PRTL,SGF,"SPRINGFIELD-BRANSON, MO",SPRINGFIELD-BRANSON, MO
I94PRTL,SGJ,"ST AUGUSTINE ARPT, FL",ST AUGUSTINE ARPT, FL
I94PRTL,SGR,"HULL FIELD, SUGAR LAND ARPT, TX",HULL FIELD, SUGAR LAND ARPT
I94PRTL,SHA,"SHANNON, IRELAND",SHANNON, IRELAND
I94PRTL,SHR,"SHERWOOD, ND",SHERWOOD, ND
I94PRTL,SJO,"ST JOHN, ND",ST JOHN, ND
I94PRTL,SKA,"SKAGWAY, AK",SKAGWAY, AK
I94PRTL,SLC,"SALT LAKE CITY, UT",SALT LAKE CITY, UT
I94PRTL,SLI,"SAN LUIS OBISPO, CA (BPS)",SAN LUIS OBISPO, CA (BPS)
I94PRTL,SLO,"SAN LUIS OBISPO, CA",SAN LUIS OBISPO, CA
I94PRTL,SLP,"SAN LUIS POTOSI #ARPT, MEXICO",SAN LUIS POTOSI #ARPT, MEXICO
I94PRTL,SLS,"SALINAS, CA (BPS)",SALINAS, CA (BPS)
I94PRTL,SLU,"SAN LUIS, AZ",SAN LUIS, AZ
I94PRTL,SNA,"SAN ANTONIO, TX",SAN ANTONIO, TX
I94PRTL,SNJ,"SAN JOSE, CA",SAN JOSE, CA
I94PRTL,SNN,"SANDERSON, TX",SANDERSON, TX
I94PRTL,SNO,"SAKON NAKHON #ARPT, THAILAND",SAKON NAKHON #ARPT, THAILAND
I94PRTL,SNP,"ST. PAUL ISLAND, AK",ST. PAUL ISLAND, AK
I94PRTL,SP0,No PORT Code (SP0),,
I94PRTL,SPA,"ST PAMPILE, ME",ST PAMPILE, ME
I94PRTL,SPC,"SAN PEDRO, CA",SAN PEDRO, CA
I94PRTL,SPE,"ST PETERSBURG, FL",ST PETERSBURG, FL
I94PRTL,SPF,"BLACK HILLS, SPEARFISH, SD",BLACK HILLS, SPEARFISH
I94PRTL,SPI,"CAPITAL - SPRINGFIELD, IL",CAPITAL - SPRINGFIELD, IL
I94PRTL,SPM,"ST PAUL, MN",ST PAUL, MN
I94PRTL,SPO,"SPOKANE, WA",SPOKANE, WA
I94PRTL,SPV,"PAPUA, NEW GUINEA",PAPUA, NEW GUINEA
I94PRTL,SRL,"ST AURELIE, ME",ST AURELIE, ME
I94PRTL,SRO,"SANTANA RAMOS #ARPT, COLOMBIA",SANTANA RAMOS #ARPT, COLOMBIA
I94PRTL,SRQ,"BRADENTON - SARASOTA, FL",BRADENTON - SARASOTA, FL
I94PRTL,SSC,"SHAW AFB - SUMTER, NC",SHAW AFB - SUMTER, NC
I94PRTL,SSM,"SAULT STE. MARIE, MI",SAULT STE. MARIE, MI
I94PRTL,STA,"ST ALBANS, VT",ST ALBANS, VT
I94PRTL,STL,"ST LOUIS, MO",ST LOUIS, MO
I94PRTL,STN,Collapsed (STR) 06/15,,
I94PRTL,STO,"STOCKTON, CA (BPS)",STOCKTON, CA (BPS)
I94PRTL,STR,"SANTA TERESA, NM",SANTA TERESA, NM
I94PRTL,STT,"ST THOMAS, VI",ST THOMAS, VI
I94PRTL,SUM,"SUMAS, WA",SUMAS, WA
I94PRTL,SUS,No PORT Code (SUS),,
I94PRTL,SVC,"GRANT COUNTY - SILVER CITY, MN",GRANT COUNTY - SILVER CITY, MN
I94PRTL,SWB,"SWANTON, VT (BP - SECTOR HQ)",SWANTON, VT (BP - SECTOR HQ)
I94PRTL,SWE,"SWEETGTASS, MT",SWEETGTASS, MT
I94PRTL,SWF,"STEWART - ORANGE CNTY, NY",STEWART - ORANGE CNTY, NY
I94PRTL,SYR,"SYRACUSE, NY",SYRACUSE, NY
I94PRTL,SYS,"SAN YSIDRO, CA",SAN YSIDRO, CA
I94PRTL,T01,Collapsed (SEA) 06/15,,
I94PRTL,TAC,"TACOMA, WA",TACOMA, WA
I94PRTL,TAM,"TAMPA, FL",TAMPA, FL
I94PRTL,TEC,"TECATE, CA",TECATE, CA
I94PRTL,THO,"THOUSAND ISLAND BRIDGE, NY",THOUSAND ISLAND BRIDGE, NY
I94PRTL,TIW,No PORT Code (TIW),,
I94PRTL,TKI,"TOKEEN, AK",TOKEEN, AK
I94PRTL,TOK,"TOROKINA #ARPT, PAPUA, NEW GUINEA",TOROKINA #ARPT, PAPUA
I94PRTL,TOL,"TOLEDO, OH",TOLEDO, OH
I94PRTL,TOR,"TORONTO, CANADA",TORONTO, CANADA
I94PRTL,TRI,"TRI CITY ARPT, TN",TRI CITY ARPT, TN
I94PRTL,TRL,"TRIAL CREEK, MT",TRIAL CREEK, MT
I94PRTL,TRO,"TROUT RIVER, NY",TROUT RIVER, NY
I94PRTL,TRV,"TRAVIS-AFB, CA",TRAVIS-AFB, CA
I94PRTL,TST,"NEWINGTON DATA CENTER TEST, CT",NEWINGTON DATA CENTER TEST, CT
I94PRTL,TUC,"TUCSON, AZ",TUCSON, AZ
I94PRTL,TUL,"TULSA, OK",TULSA, OK
I94PRTL,TUR,"TURNER, MT",TURNER, MT
I94PRTL,TYS,"MC GHEE TYSON - ALCOA, TN",MC GHEE TYSON - ALCOA, TN
I94PRTL,UGN,"MEMORIAL - WAUKEGAN, IL",MEMORIAL - WAUKEGAN, IL
I94PRTL,UIO,"QUITO (MARISCAL SUCR), ECUADOR",QUITO (MARISCAL SUCR), ECUADOR
I94PRTL,UNK,UNKNOWN POE,,
I94PRTL,VAN,"VANCOUVER, WA",VANCOUVER, WA
I94PRTL,VCB,"VANCEBORO, ME",VANCEBORO, ME
I94PRTL,VCV,"VANCOUVER, CANADA",VANCOUVER, CANADA
I94PRTL,VER,"VERACRUZ, MEXICO",VERACRUZ, MEXICO
I94PRTL,VIB,"VETERAN INTL BRIDGE, TX",VETERAN INTL BRIDGE, TX
I94PRTL,VIC,"VICTORIA, CANADA",VICTORIA, CANADA
I94PRTL,VMB,Collapsed (VNB) 06/15,,
I94PRTL,VNB,"VAN BUREN, ME",VAN BUREN, ME
I94PRTL,VNY,"VAN NUYS, CA",VAN NUYS, CA
I94PRTL,VQS,"VIEQUES-ARPT, PR",VIEQUES-ARPT, PR
I94PRTL,W55,No PORT Code (W55),,
I94PRTL,WA5,No PORT Code (WAS),,
I94PRTL,WAL,"WALHALLA, ND",WALHALLA, ND
I94PRTL,WAR,"WARROAD, MN",WARROAD, MN
I94PRTL,WAS,WASHINGTON DC,,
I94PRTL,WAT,"WATERTOWN, NY",WATERTOWN, NY
I94PRTL,WBE,"WEST BERKSHIRE, VT",WEST BERKSHIRE, VT
I94PRTL,WCM,"WILLOW CREEK, MT",WILLOW CREEK, MT
I94PRTL,WHI,"WHITETAIL, MT",WHITETAIL, MT
I94PRTL,WHM,"WILD HORSE, MT",WILD HORSE, MT
I94PRTL,WHO,"WESTHOPE, ND",WESTHOPE, ND
I94PRTL,WIL,"WILMINGTON, NC",WILMINGTON, NC
I94PRTL,WIN,"WINNIPEG, CANADA",WINNIPEG, CANADA
I94PRTL,WLL,"WILMINGTON, DE",WILMINGTON, DE
I94PRTL,WND,"WILLISTON, ND",WILLISTON, ND
I94PRTL,WPB,"WEST PALM BEACH, FL",WEST PALM BEACH, FL
I94PRTL,WRA,"WRANGELL, AK",WRANGELL, AK
I94PRTL,WRB,"WHIRLPOOL BRIDGE, NY",WHIRLPOOL BRIDGE, NY
I94PRTL,WRI,"MC GUIRE AFB - WRIGHTSOWN, NJ",MC GUIRE AFB - WRIGHTSOWN, NJ
I94PRTL,WSB,"WARROAD INTL, SPB, MN",WARROAD INTL, SPB
I94PRTL,WTR,No PORT Code (WTR),,
I94PRTL,X44,No PORT Code (X44),,
I94PRTL,X96,No PORT Code (X96),,
I94PRTL,XNA,No PORT Code (XNA),,
I94PRTL,XXX,NOT REPORTED/UNKNOWN,,
I94PRTL,Y62,No PORT Code (Y62),,
I94PRTL,YGF,No PORT Code (YGF),,
I94PRTL,YHC,"HAKAI PASS, CANADA",HAKAI PASS, CANADA
I94PRTL,YIP,"WILLOW RUN - YPSILANTI, MI",WILLOW RUN - YPSILANTI, MI
I94PRTL,YOU,"YOUNGSTOWN, NY",YOUNGSTOWN, NY
I94PRTL,YSL,"YSLETA, TX",YSLETA, TX
I94PRTL,YUI,"YUMA, AZ",YUMA, AZ
I94PRTL,YUM,"YUMA, AZ",YUMA, AZ
I94PRTL,YXE,"SASKATOON, CANADA",SASKATOON, CANADA
I94PRTL,ZZZ,MEXICO Land (Banco de Mexico),,
